"EK000002.JPG",0
"EK000003.JPG",0
"EK000004.JPG",0
"EK000005.JPG",0
"EK000006.JPG",0
"EK000007.JPG",0
"EK000008.JPG",0
"EK000009.JPG",0
"EK000010.JPG",0
"EK000011.JPG",0
"EK000012.JPG",0
"EK000013.JPG",0
"EK000014.JPG",0
"EK000015.JPG",0
"EK000016.JPG",0
"EK000017.JPG",0
"EK000018.JPG",0
"EK000019.JPG",0
"EK000020.JPG",0
"EK000021.JPG",0
"EK000022.JPG",0
"EK000023.JPG",0
"EK000024.JPG",0
"EK000025.JPG",0
"EK000026.JPG",0
"EK000027.JPG",0
"EK000028.JPG",0
"EK000029.JPG",0
"EK000030.JPG",0
"EK000031.JPG",0
"EK000032.JPG",0
"EK000033.JPG",0
"EK000034.JPG",0
"EK000035.JPG",0
"EK000036.JPG",0
"EK000037.JPG",0
"EK000038.JPG",0
"EK000039.JPG",0
"EK000040.JPG",0
"EK000041.JPG",0
"EK000042.JPG",0
"EK000043.JPG",0
"EK000044.JPG",0
"EK000045.JPG",0
"EK000046.JPG",0
"EK000047.JPG",0
"EK000048.JPG",0
"EK000049.JPG",0
"EK000050.JPG",0
"EK000051.JPG",0
"EK000052.JPG",0
"EK000053.JPG",0
"EK000054.JPG",0
"EK000055.JPG",0
"EK000056.JPG",0
"EK000057.JPG",0
"EK000058.JPG",0
"EK000059.JPG",0
"EK000060.JPG",0
"EK000061.JPG",0
"EK000062.JPG",0
"EK000063.JPG",0
"EK000064.JPG",0
"EK000065.JPG",0
"EK000066.JPG",0
"EK000067.JPG",0
"EK000068.JPG",0
"EK000069.JPG",0
"EK000070.JPG",0
"EK000071.JPG",0
"EK000072.JPG",0
"EK000073.JPG",0
"EK000074.JPG",0
"EK000075.JPG",0
"EK000076.JPG",0
"EK000077.JPG",0
"EK000078.JPG",0
"EK000079.JPG",0
"EK000080.JPG",0
"EK000081.JPG",0
"EK000082.JPG",0
"EK000083.JPG",0
"EK000084.JPG",0
"EK000085.JPG",0
"EK000086.JPG",0
"EK000087.JPG",0
"EK000088.JPG",0
"EK000089.JPG",0
"EK000090.JPG",0
"EK000091.JPG",0
"EK000092.JPG",0
"EK000093.JPG",0
"EK000094.JPG",0
"EK000095.JPG",0
"EK000096.JPG",0
"EK000097.JPG",0
"EK000098.JPG",0
"EK000099.JPG",0
"EK000100.JPG",0
"EK000101.JPG",0
"EK000102.JPG",0
"EK000103.JPG",0
"EK000104.JPG",0
"EK000105.JPG",0
"EK000106.JPG",0
"EK000107.JPG",0
"EK000108.JPG",0
"EK000109.JPG",0
"EK000110.JPG",0
"EK000111.JPG",0
"EK000112.JPG",0
"EK000113.JPG",0
"EK000114.JPG",0
"EK000115.JPG",0
"EK000116.JPG",0
"EK000117.JPG",0
"EK000118.JPG",0
"EK000119.JPG",0
"EK000120.JPG",0
"EK000121.JPG",0
"EK000122.JPG",0
"EK000123.JPG",0
"EK000124.JPG",0
"EK000125.JPG",0
"EK000126.JPG",0
"EK000127.JPG",0
"EK000128.JPG",0
"EK000129.JPG",0
"EK000130.JPG",0
"EK000160.JPG",0
"EK000161.JPG",0
"EK000162.JPG",0
"EK000163.JPG",0
"EK000164.JPG",0
"EK000165.JPG",0
"EK000166.JPG",0
"EK000167.JPG",0
"EK000168.JPG",0
"EK000169.JPG",0
"EK000170.JPG",0
"EK000171.JPG",0
"EK000172.JPG",0
"EK000173.JPG",0
"EK000174.JPG",0
"EK000175.JPG",0
"EK000176.JPG",0
"EK000177.JPG",0
"EK000178.JPG",0
